[
  {
    "Id": "679938",
    "ThreadId": "274747",
    "Html": "\r\n<p>Hi, and thanks for this extreme effort!</p>\r\n<p>I want to calculate the&nbsp;<strong>maximum-likelihood estimation&nbsp;(MLE)</strong>paramaters&nbsp;(<a href=\"http://en.wikipedia.org/wiki/Maximum_likelihood\">http://en.wikipedia.org/wiki/Maximum_likelihood</a>)</p>\r\n<p>for a gamma distribution.</p>\r\n<p>Is this possible with this library or ideas on how it can be implemented &nbsp;?</p>\r\n",
    "PostedDate": "2011-10-04T11:36:16.983-07:00",
    "UserRole": null,
    "MarkedAsAnswerDate": null
  }
]