[
  {
    "Id": "263970",
    "ThreadId": "77218",
    "Html": "<p>I think it would be great to provide both installer and source code for the project. I like version 9.3 but there's no source code available for it.</p>",
    "PostedDate": "2009-12-05T10:30:28.77-08:00",
    "UserRole": null,
    "MarkedAsAnswerDate": null
  },
  {
    "Id": "278767",
    "ThreadId": "77218",
    "Html": "<p>And the sources could be helpfull for documentation.</p>\r\n<p>Кстати, отличная работа!</p>",
    "PostedDate": "2010-01-18T22:37:21.36-08:00",
    "UserRole": null,
    "MarkedAsAnswerDate": null
  }
]